{"nvars": 6, "terms": {"1": -760.1, "2": -757.6, "3": -835.1, "4": -837.6, "5": -849.6, "6": -850.6, "1-3": 0.875, "1-4": -0.6249999999999999, "2-3": -0.6249999999999999, "2-4": 0.375, "1-5": 0.875, "1-6": -0.6249999999999999, "2-5": -0.6249999999999999, "2-6": 0.375, "3-5": 0.1250000000000001, "3-6": 0.0, "4-5": 0.0, "4-6": -0.1250000000000001, "1-2": 1715.2, "3-4": 1715.2, "5-6": 1715.2, "1-3-5": 1.175, "1-3-6": 0.0, "1-4-5": 0.0, "1-4-6": -0.7250000000000001, "2-3-5": -2.825, "2-3-6": 0.0, "2-4-5": 0.0, "2-4-6": 2.375}}